Timestamp,Number of Guests
2025-04-12 02:48:35,2
2025-04-12 02:54:01,2
2025-04-12 03:02:02,2
2025-04-12 03:10:06,2
2025-04-12 04:26:21,2
2025-04-12 05:12:27,0
2025-04-12 05:45:01,1
2025-04-12 05:58:32,1
2025-04-12 06:30:12,45
2025-04-12 06:47:05,56
2025-04-12 06:59:29,57
2025-04-12 07:26:13,83
2025-04-12 07:41:56,85
2025-04-12 07:58:32,93
2025-04-12 08:33:47,104
2025-04-12 08:52:37,109
2025-04-12 09:20:41,129
2025-04-12 09:33:51,140
2025-04-12 09:48:48,154
2025-04-12 10:00:59,167
2025-04-12 10:31:47,168
2025-04-12 10:51:04,167
2025-04-12 11:12:21,173
2025-04-12 11:33:55,168
2025-04-12 11:48:29,179
2025-04-12 12:00:59,194
2025-04-12 12:28:15,153
2025-04-12 12:43:11,146
2025-04-12 12:58:41,150
2025-04-12 13:19:58,105
2025-04-12 13:49:00,95
2025-04-12 14:01:26,100
2025-04-12 14:50:16,78
2025-04-12 15:16:12,56
2025-04-12 15:34:59,57
2025-04-12 15:48:55,59
2025-04-12 16:01:02,65
2025-04-12 16:25:36,78
2025-04-12 16:41:42,79
2025-04-12 16:58:41,75
2025-04-12 17:24:55,74
2025-04-12 17:41:43,68
2025-04-12 17:59:00,63
2025-04-12 18:30:29,46
2025-04-12 18:46:46,44
2025-04-12 18:59:22,44
2025-04-12 19:23:41,29
2025-04-12 19:41:39,21
2025-04-12 19:58:32,23
2025-04-12 20:32:45,22
2025-04-12 20:51:12,20
2025-04-12 21:10:32,27
2025-04-12 21:25:22,24
2025-04-12 21:39:56,21
2025-04-12 21:52:31,14
2025-04-12 22:23:28,0
2025-04-12 22:40:54,0
2025-04-12 22:53:40,0
2025-04-12 23:21:08,0
2025-04-12 23:35:21,0
2025-04-12 23:48:53,0
2025-04-13 00:01:01,0
2025-04-13 00:27:08,0
2025-04-13 00:43:14,0
2025-04-13 00:58:51,0
2025-04-13 01:26:28,0
2025-04-13 04:01:19,0
2025-04-13 06:12:22,20
2025-04-13 07:01:43,45
2025-04-13 07:35:52,52
2025-04-13 07:50:34,47
2025-04-13 08:15:04,56
2025-04-13 08:43:02,60
2025-04-13 08:58:50,77
2025-04-13 09:23:36,98
2025-04-13 09:39:05,110
2025-04-13 09:51:37,106
2025-04-13 10:27:49,133
2025-04-13 10:46:00,143
2025-04-13 10:58:55,161
2025-04-13 11:26:59,162
2025-04-13 11:42:22,153
2025-04-13 11:58:25,141
2025-04-13 12:28:33,112
2025-04-13 12:45:13,103
2025-04-13 12:58:38,98
2025-04-13 13:20:39,77
2025-04-13 13:33:54,81
2025-04-13 13:49:07,89
2025-04-13 14:01:17,93
2025-04-13 14:49:39,101
2025-04-13 15:16:46,92
2025-04-13 15:41:35,97
2025-04-13 15:58:40,103
2025-04-13 16:23:51,143
2025-04-13 16:41:47,146
2025-04-13 16:58:31,134
2025-04-13 17:27:00,123
2025-04-13 17:42:20,111
2025-04-13 17:58:36,104
2025-04-13 18:31:15,114
2025-04-13 18:49:51,94
2025-04-13 19:07:58,92
2025-04-13 19:29:30,84
2025-04-13 19:42:33,79
2025-04-13 19:58:33,86
2025-04-13 20:33:14,86
2025-04-13 21:08:41,73
2025-04-13 21:24:15,65
2025-04-13 21:39:23,46
2025-04-13 21:52:26,21
2025-04-13 22:23:57,1
2025-04-13 22:41:44,2
2025-04-13 22:58:48,2
2025-04-13 23:23:45,2
2025-04-13 23:39:36,2
2025-04-13 23:51:52,2
2025-04-14 00:21:37,2
2025-04-14 00:42:53,2
2025-04-14 00:58:37,2
2025-04-14 01:25:55,2
2025-04-14 01:41:51,2
2025-04-14 01:58:49,2
2025-04-14 04:05:03,2
2025-04-14 05:13:50,0
2025-04-14 05:50:10,0
2025-04-14 06:12:42,30
2025-04-14 06:40:34,56
2025-04-14 06:54:00,58
2025-04-14 07:24:58,68
2025-04-14 07:44:00,88
2025-04-14 07:58:47,85
2025-04-14 08:38:56,93
2025-04-14 08:55:25,95
2025-04-14 09:25:12,91
2025-04-14 09:41:44,96
2025-04-14 09:58:45,103
2025-04-14 10:35:41,113
2025-04-14 10:54:19,114
2025-04-14 11:27:30,121
2025-04-14 11:46:05,130
2025-04-14 11:58:31,154
2025-04-14 12:31:21,156
2025-04-14 12:49:15,160
2025-04-14 13:08:26,151
2025-04-14 13:27:02,153
2025-04-14 13:40:54,134
2025-04-14 13:53:13,140
2025-04-14 14:49:43,156
2025-04-14 15:21:57,178
2025-04-14 15:47:39,156
2025-04-14 16:30:29,143
2025-04-14 16:48:23,123
2025-04-14 17:01:01,120
2025-04-14 17:29:34,121
2025-04-14 17:45:12,128
2025-04-14 17:58:39,125
2025-04-14 18:33:41,151
2025-04-14 18:54:55,162
2025-04-14 19:21:46,169
2025-04-14 19:42:48,169
2025-04-14 19:59:11,183
2025-04-14 20:36:31,138
2025-04-14 20:53:27,146
2025-04-14 21:19:50,106
2025-04-14 21:33:12,82
2025-04-14 21:48:57,60
2025-04-14 22:01:10,36
2025-04-14 22:30:38,0
2025-04-14 22:46:40,2
2025-04-14 22:59:14,2
2025-04-14 23:25:37,2
2025-04-14 23:41:19,2
2025-04-14 23:58:49,2
2025-04-15 00:27:00,2
2025-04-15 00:44:26,2
2025-04-15 00:58:50,2
2025-04-15 01:24:46,2
2025-04-15 01:41:26,2
2025-04-15 01:59:06,2
2025-04-15 04:04:05,2
2025-04-15 05:12:39,0
2025-04-15 05:48:14,0
2025-04-15 06:00:07,0
2025-04-15 06:32:44,80
2025-04-15 06:52:49,101
2025-04-15 07:24:11,128
2025-04-15 07:44:05,107
2025-04-15 07:58:50,99
2025-04-15 08:37:33,118
2025-04-15 08:54:15,105
2025-04-15 09:26:03,140
2025-04-15 09:43:15,123
2025-04-15 09:58:56,147
2025-04-15 10:35:52,124
2025-04-15 10:55:23,165
2025-04-15 11:27:28,125
2025-04-15 11:44:30,121
2025-04-15 11:59:05,92
2025-04-15 12:31:05,112
2025-04-15 12:49:11,103
2025-04-15 13:01:42,103
2025-04-15 13:25:59,101
2025-04-15 13:41:55,94
2025-04-15 13:58:24,99
2025-04-15 14:54:03,109
2025-04-15 15:34:04,91
2025-04-15 15:52:05,86
2025-04-15 16:24:56,117
2025-04-15 16:46:41,138
2025-04-15 16:59:17,176
2025-04-15 17:29:38,174
2025-04-15 17:45:58,179
2025-04-15 17:58:54,192
2025-04-15 18:33:05,165
2025-04-15 18:53:41,150
2025-04-15 19:22:09,149
2025-04-15 19:43:04,138
2025-04-15 19:58:43,135
2025-04-15 20:35:06,135
2025-04-15 20:53:10,133
2025-04-15 21:19:25,105
2025-04-15 21:32:00,88
2025-04-15 21:48:59,63
2025-04-15 22:01:30,40
2025-04-15 22:30:16,3
2025-04-15 22:45:43,3
2025-04-15 22:58:38,3
2025-04-15 23:25:23,3
2025-04-15 23:41:08,3
2025-04-15 23:53:55,3
2025-04-16 00:23:40,3
2025-04-16 00:43:48,3
2025-04-16 00:58:53,3
2025-04-16 01:25:35,3
2025-04-16 01:41:22,3
2025-04-16 01:53:31,3
2025-04-16 03:55:06,3
2025-04-16 05:08:40,0
2025-04-16 05:45:16,1
2025-04-16 05:58:55,2
2025-04-16 06:31:43,79
2025-04-16 06:52:25,91
2025-04-16 07:24:06,100
2025-04-16 07:43:24,115
2025-04-16 07:58:38,105
2025-04-16 08:37:09,139
2025-04-16 08:54:35,129
2025-04-16 09:24:17,122
2025-04-16 09:41:52,104
2025-04-16 09:58:36,128
2025-04-16 10:36:01,130
2025-04-16 10:54:58,133
2025-04-16 11:27:03,118
2025-04-16 11:45:04,109
2025-04-16 11:58:55,119
2025-04-16 12:31:22,125
2025-04-16 12:51:56,118
2025-04-16 13:20:12,109
2025-04-16 13:33:28,102
2025-04-16 13:48:53,84
2025-04-16 14:01:39,73
2025-04-16 14:56:45,101
2025-04-16 15:33:57,93
2025-04-16 15:50:52,112
2025-04-16 16:12:42,139
2025-04-16 16:39:25,109
2025-04-16 16:52:09,119
2025-04-16 17:27:46,143
2025-04-16 17:45:02,154
2025-04-16 17:59:28,157
2025-04-16 18:34:43,145
2025-04-16 18:55:33,152
2025-04-16 19:21:57,120
2025-04-16 19:43:16,128
2025-04-16 19:59:05,139
2025-04-16 20:37:28,108
2025-04-16 20:53:46,100
2025-04-16 21:17:36,79
2025-04-16 21:30:28,66
2025-04-16 21:43:06,44
2025-04-16 21:58:40,15
2025-04-16 22:29:40,0
2025-04-16 22:45:41,1
2025-04-16 22:59:03,0
2025-04-16 23:25:50,0
2025-04-16 23:41:51,0
2025-04-16 23:58:58,0
2025-04-17 00:27:20,0
2025-04-17 00:45:17,0
2025-04-17 00:59:38,0
2025-04-17 01:25:12,0
2025-04-17 01:42:23,0
2025-04-17 01:58:32,0
2025-04-17 04:02:16,0
2025-04-17 05:10:52,0
2025-04-17 05:46:24,0
2025-04-17 05:59:02,0
2025-04-17 06:32:09,60
2025-04-17 06:52:32,81
2025-04-17 07:24:03,110
2025-04-17 07:43:32,102
2025-04-17 07:58:35,94
2025-04-17 08:37:15,89
2025-04-17 08:53:56,76
2025-04-17 09:24:55,83
2025-04-17 09:44:05,89
2025-04-17 09:58:49,93
2025-04-17 10:35:13,106
2025-04-17 10:54:19,119
2025-04-17 11:26:57,105
2025-04-17 11:43:40,119
2025-04-17 11:58:50,141
2025-04-17 12:30:31,141
2025-04-17 12:47:57,139
2025-04-17 13:00:31,130
2025-04-17 13:23:15,105
2025-04-17 13:41:04,109
2025-04-17 13:53:42,119
2025-04-17 14:48:42,109
2025-04-17 15:20:04,105
2025-04-17 15:42:30,113
2025-04-17 15:58:43,115
2025-04-17 16:27:09,109
2025-04-17 16:45:24,107
2025-04-17 16:58:50,107
2025-04-17 17:28:41,116
2025-04-17 17:44:41,115
2025-04-17 17:58:50,119
2025-04-17 18:33:24,90
2025-04-17 18:54:59,102
2025-04-17 19:22:52,111
2025-04-17 19:42:58,97
2025-04-17 19:58:52,106
2025-04-17 20:36:29,94
2025-04-17 20:53:10,72
2025-04-17 21:19:30,68
2025-04-17 21:31:56,66
2025-04-17 21:48:56,51
2025-04-17 22:01:15,36
2025-04-17 22:29:52,0
2025-04-17 22:45:36,1
2025-04-17 22:58:58,1
2025-04-17 23:25:10,1
2025-04-17 23:41:07,1
2025-04-17 23:53:57,1
2025-04-18 00:22:41,1
2025-04-18 00:43:20,1
2025-04-18 00:58:35,1
2025-04-18 01:25:21,1
2025-04-18 01:41:33,1
2025-04-18 01:58:45,1
2025-04-18 03:58:59,1
2025-04-18 05:06:36,0
2025-04-18 05:43:10,1
2025-04-18 05:58:51,2
2025-04-18 06:31:17,38
2025-04-18 06:50:02,46
2025-04-18 07:11:16,53
2025-04-18 07:34:13,61
2025-04-18 07:49:02,67
2025-04-18 08:01:38,67
2025-04-18 08:39:48,95
2025-04-18 08:54:59,98
2025-04-18 09:24:41,82
2025-04-18 09:41:26,91
2025-04-18 09:58:37,98
2025-04-18 10:33:05,115
2025-04-18 10:53:09,123
2025-04-18 11:26:31,113
2025-04-18 11:42:53,108
2025-04-18 11:59:01,111
2025-04-18 12:31:03,124
2025-04-18 12:49:00,120
2025-04-18 13:01:34,111
2025-04-18 13:25:18,104
2025-04-18 13:41:28,90
2025-04-18 13:53:44,89
2025-04-18 14:46:21,98
2025-04-18 15:16:51,117
2025-04-18 15:39:58,117
2025-04-18 15:52:15,113
2025-04-18 16:22:08,108
2025-04-18 16:43:42,101
2025-04-18 16:58:30,108
2025-04-18 17:27:06,117
2025-04-18 17:43:42,126
2025-04-18 17:58:46,129
2025-04-18 18:32:25,107
2025-04-18 18:53:01,100
2025-04-18 19:21:06,63
2025-04-18 19:38:01,55
2025-04-18 19:50:29,54
2025-04-18 20:15:24,58
2025-04-18 20:42:31,64
2025-04-18 20:58:40,68
2025-04-18 21:21:10,66
2025-04-18 21:34:53,63
2025-04-18 21:48:41,47
2025-04-18 22:01:11,31
2025-04-18 22:28:45,0
2025-04-18 22:43:51,1
2025-04-18 22:58:50,1
2025-04-18 23:25:09,1
2025-04-18 23:40:46,1
2025-04-18 23:53:23,1
2025-04-19 00:23:18,1
2025-04-19 00:44:14,1
2025-04-19 00:58:56,1
2025-04-19 01:25:56,1
2025-04-19 01:40:58,1
2025-04-19 01:53:33,1
2025-04-19 03:48:51,1
2025-04-19 04:51:37,1
2025-04-19 05:33:06,0
2025-04-19 05:52:46,0
2025-04-19 06:27:24,25
2025-04-19 06:45:02,27
2025-04-19 06:58:35,36
2025-04-19 07:26:29,37
2025-04-19 07:43:20,40
2025-04-19 07:58:37,45
2025-04-19 08:34:19,61
2025-04-19 08:52:01,57
2025-04-19 09:20:32,67
2025-04-19 09:33:48,65
2025-04-19 09:48:54,70
2025-04-19 10:01:12,88
2025-04-19 10:31:32,92
2025-04-19 10:50:11,100
2025-04-19 11:10:59,95
2025-04-19 11:30:17,75
2025-04-19 11:42:36,76
2025-04-19 11:58:59,76
2025-04-19 12:27:00,77
2025-04-19 12:43:11,77
2025-04-19 12:58:40,69
2025-04-19 13:21:33,72
2025-04-19 13:39:35,69
2025-04-19 13:52:07,58
2025-04-19 14:42:12,60
2025-04-19 15:13:21,54
2025-04-19 15:36:38,68
2025-04-19 15:49:15,64
2025-04-19 16:01:33,68
2025-04-19 16:29:53,71
2025-04-19 16:43:34,65
2025-04-19 16:58:55,66
2025-04-19 17:25:27,59
2025-04-19 17:40:32,51
2025-04-19 17:52:54,48
2025-04-19 18:28:12,40
2025-04-19 18:46:49,46
2025-04-19 18:59:15,49
2025-04-19 19:23:49,44
2025-04-19 19:40:50,47
2025-04-19 19:53:26,48
2025-04-19 20:29:53,49
2025-04-19 20:46:56,51
2025-04-19 20:59:01,46
2025-04-19 21:21:27,30
2025-04-19 21:39:31,27
2025-04-19 21:52:21,16
2025-04-19 22:24:01,0
2025-04-19 22:42:23,2
2025-04-19 22:58:44,2
2025-04-19 23:22:59,2
2025-04-19 23:40:28,2
2025-04-19 23:52:46,2
2025-04-20 00:21:59,2
2025-04-20 00:42:25,2
2025-04-20 00:58:37,2
2025-04-20 01:26:31,2
2025-04-20 01:41:30,2
2025-04-20 01:58:36,2
2025-04-20 04:08:52,2
2025-04-20 05:14:43,0
2025-04-20 05:49:17,2
2025-04-20 06:01:44,15
2025-04-20 06:32:48,29
2025-04-20 06:50:40,34
2025-04-20 07:11:14,40
2025-04-20 07:34:01,49
2025-04-20 07:49:01,50
2025-04-20 08:01:23,55
2025-04-20 08:37:59,53
2025-04-20 08:52:35,54
2025-04-20 09:22:09,51
2025-04-20 09:40:06,54
2025-04-20 09:52:28,56
2025-04-20 10:27:47,59
2025-04-20 10:44:37,61
2025-04-20 10:59:05,71
2025-04-20 11:25:12,70
2025-04-20 11:41:32,76
2025-04-20 11:58:43,63
2025-04-20 12:29:36,57
2025-04-20 12:46:10,56
2025-04-20 12:58:30,56
2025-04-20 13:21:21,48
2025-04-20 13:34:55,52
2025-04-20 13:48:48,53
2025-04-20 14:01:16,54
2025-04-20 14:50:57,55
2025-04-20 15:20:37,69
2025-04-20 15:40:11,82
2025-04-20 15:52:56,77
2025-04-20 16:21:43,78
2025-04-20 16:43:15,81
2025-04-20 16:58:49,86
2025-04-20 17:25:38,85
2025-04-20 17:41:45,87
2025-04-20 17:58:36,73
2025-04-20 18:30:05,77
2025-04-20 18:47:46,73
2025-04-20 18:59:49,62
2025-04-20 19:25:50,64
2025-04-20 19:42:19,70
2025-04-20 19:58:48,71
2025-04-20 20:33:27,81
2025-04-20 20:52:00,86
2025-04-20 21:19:34,69
2025-04-20 21:31:42,58
2025-04-20 21:48:51,48
2025-04-20 22:01:30,23
2025-04-20 22:29:36,0
2025-04-20 22:44:22,0
2025-04-20 22:59:10,1
2025-04-20 23:23:39,1
2025-04-20 23:40:31,0
2025-04-20 23:53:02,0
2025-04-21 00:23:34,0
2025-04-21 00:43:20,0
2025-04-21 00:58:47,0
2025-04-21 01:24:35,0
2025-04-21 01:40:51,0
2025-04-21 01:53:11,0
2025-04-21 03:58:40,0
2025-04-21 05:14:43,0
2025-04-21 05:52:38,1
2025-04-21 06:29:45,31
2025-04-21 06:49:26,39
2025-04-21 07:10:46,37
2025-04-21 07:35:49,40
2025-04-21 07:50:35,45
2025-04-21 08:16:48,57
2025-04-21 08:45:33,73
2025-04-21 08:58:57,75
2025-04-21 09:26:18,76
2025-04-21 09:41:14,77
2025-04-21 09:53:25,84
2025-04-21 10:33:06,96
2025-04-21 10:55:15,96
2025-04-21 11:26:22,87
2025-04-21 11:42:37,93
2025-04-21 11:58:29,83
2025-04-21 12:31:30,83
2025-04-21 12:52:05,94
2025-04-21 13:20:02,82
2025-04-21 13:32:42,87
2025-04-21 13:48:37,88
2025-04-21 14:01:08,86
2025-04-21 14:53:20,93
2025-04-21 15:32:23,110
2025-04-21 15:49:31,115
2025-04-21 16:09:02,114
2025-04-21 16:33:24,104
2025-04-21 16:48:39,96
2025-04-21 17:00:35,91
2025-04-21 17:28:45,77
2025-04-21 17:45:09,74
2025-04-21 17:58:36,81
2025-04-21 18:34:14,75
2025-04-21 18:54:20,80
2025-04-21 19:22:08,81
2025-04-21 19:42:46,82
2025-04-21 19:58:40,66
2025-04-21 20:35:37,83
2025-04-21 20:54:01,83
2025-04-21 21:20:18,77
2025-04-21 21:33:21,61
2025-04-21 21:48:56,38
2025-04-21 22:01:41,19
2025-04-21 22:31:11,1
2025-04-21 22:45:56,2
2025-04-21 22:59:00,1
2025-04-21 23:25:04,1
2025-04-21 23:41:43,0
2025-04-21 23:58:48,0
2025-04-22 00:27:33,0
2025-04-22 00:44:07,0
2025-04-22 00:58:48,0
2025-04-22 01:25:15,0
2025-04-22 01:42:37,0
2025-04-22 01:58:48,0
2025-04-22 04:02:27,0
2025-04-22 05:10:41,0
2025-04-22 05:47:33,2
2025-04-22 06:00:34,16
2025-04-22 06:33:10,102
2025-04-22 06:53:13,112
2025-04-22 07:24:31,120
2025-04-22 07:44:23,82
2025-04-22 07:58:51,65
2025-04-22 08:37:05,75
2025-04-22 08:54:21,54
2025-04-22 09:24:08,56
2025-04-22 09:41:26,64
2025-04-22 09:58:50,79
2025-04-22 10:36:26,106
2025-04-22 10:54:35,103
2025-04-22 11:26:47,88
2025-04-22 11:43:50,96
2025-04-22 11:58:46,110
2025-04-22 12:30:05,109
2025-04-22 12:48:15,105
2025-04-22 13:00:43,102
2025-04-22 13:25:22,77
2025-04-22 13:41:12,68
2025-04-22 13:53:18,58
2025-04-22 14:49:20,82
2025-04-22 15:20:59,82
2025-04-22 15:44:11,91
2025-04-22 15:59:02,67
2025-04-22 16:28:55,61
2025-04-22 16:47:45,60
2025-04-22 17:00:29,69
2025-04-22 17:29:42,85
2025-04-22 17:45:37,87
2025-04-22 17:58:26,96
2025-04-22 18:33:51,111
2025-04-22 18:54:04,113
2025-04-22 19:21:55,104
2025-04-22 19:43:12,104
2025-04-22 19:58:34,102
2025-04-22 20:36:31,96
2025-04-22 20:53:38,90
2025-04-22 21:20:19,68
2025-04-22 21:33:34,55
2025-04-22 21:48:57,29
2025-04-22 22:01:24,9
2025-04-22 22:32:36,1
2025-04-22 22:49:22,1
2025-04-22 23:08:27,1
2025-04-22 23:18:49,1
2025-04-22 23:29:47,1
2025-04-22 23:43:02,1
2025-04-22 23:58:21,1
2025-04-23 00:27:18,1
2025-04-23 00:44:50,1
2025-04-23 00:58:51,1
2025-04-23 01:25:07,1
2025-04-23 01:41:56,1
2025-04-23 01:58:37,1
2025-04-23 04:03:12,1
2025-04-23 05:12:12,0
2025-04-23 05:47:48,2
2025-04-23 05:59:57,1
2025-04-23 06:32:50,112
2025-04-23 06:53:44,115
2025-04-23 07:24:28,127
2025-04-23 07:43:57,111
2025-04-23 07:58:51,86
2025-04-23 08:37:32,85
2025-04-23 08:54:14,86
2025-04-23 09:28:39,86
2025-04-23 09:44:34,86
2025-04-23 09:58:33,91
2025-04-23 10:34:46,105
2025-04-23 10:55:40,109
2025-04-23 11:27:03,83
2025-04-23 11:43:55,80
2025-04-23 11:58:56,99
2025-04-23 12:32:03,125
2025-04-23 12:52:43,116
2025-04-23 13:21:16,96
2025-04-23 13:34:59,81
2025-04-23 13:48:50,72
2025-04-23 14:01:21,72
2025-04-23 14:57:41,97
2025-04-23 15:35:34,93
2025-04-23 15:51:42,104
2025-04-23 16:25:26,106
2025-04-23 16:47:11,109
2025-04-23 16:59:47,102
2025-04-23 17:30:24,115
2025-04-23 17:47:25,128
2025-04-23 17:59:38,133
2025-04-23 18:35:50,139
2025-04-23 18:56:16,159
2025-04-23 19:22:57,153
2025-04-23 19:44:07,161
2025-04-23 19:58:57,159
2025-04-23 20:38:43,134
2025-04-23 20:55:28,123
2025-04-23 21:20:21,100
2025-04-23 21:33:34,76
2025-04-23 21:48:45,52
2025-04-23 22:01:03,19
2025-04-23 22:30:44,1
2025-04-23 22:46:21,1
2025-04-23 22:58:33,1
2025-04-23 23:25:41,1
2025-04-23 23:42:34,1
2025-04-23 23:58:51,1
2025-04-24 00:27:51,1
2025-04-24 00:45:38,1
2025-04-24 00:59:02,1
2025-04-24 01:26:00,1
2025-04-24 01:42:08,1
2025-04-24 01:58:38,1
2025-04-24 04:03:46,1
2025-04-24 05:13:24,0
2025-04-24 05:48:51,1
2025-04-24 06:01:03,21
2025-04-24 06:33:07,99
2025-04-24 06:52:15,118
2025-04-24 07:25:00,144
2025-04-24 07:44:46,108
2025-04-24 07:59:00,90
2025-04-24 08:38:08,65
2025-04-24 08:55:14,60
2025-04-24 09:24:40,71
2025-04-24 09:42:04,70
2025-04-24 09:58:53,75
2025-04-24 10:35:28,96
2025-04-24 10:54:41,99
2025-04-24 11:27:44,88
2025-04-24 11:44:06,93
2025-04-24 11:58:48,99
2025-04-24 12:30:52,98
2025-04-24 12:48:55,100
2025-04-24 13:01:21,94
2025-04-24 13:24:50,71
2025-04-24 13:40:27,66
2025-04-24 13:53:14,63
2025-04-24 14:50:36,74
2025-04-24 15:24:36,82
2025-04-24 15:48:20,85
2025-04-24 16:00:35,81
2025-04-24 16:29:47,83
2025-04-24 16:47:57,77
2025-04-24 17:00:35,69
2025-04-24 17:31:01,77
2025-04-24 17:47:09,86
2025-04-24 17:59:41,108
2025-04-24 18:35:01,128
2025-04-24 18:55:41,135
2025-04-24 19:22:02,114
2025-04-24 19:42:26,112
2025-04-24 19:58:43,102
2025-04-24 20:36:17,62
2025-04-24 20:53:29,69
2025-04-24 21:20:27,52
2025-04-24 21:34:07,52
2025-04-24 21:49:09,34
2025-04-24 22:01:12,18
2025-04-24 22:30:29,1
2025-04-24 22:46:37,2
2025-04-24 22:59:10,2
2025-04-24 23:27:23,3
2025-04-24 23:43:50,3
2025-04-24 23:58:47,3
2025-04-25 00:28:46,3
2025-04-25 00:46:05,3
2025-04-25 00:59:07,3
2025-04-25 01:25:28,3
2025-04-25 01:58:30,3
2025-04-25 04:04:08,3
2025-04-25 05:13:00,0
2025-04-25 05:47:40,1
2025-04-25 05:59:55,1
2025-04-25 06:32:10,90
2025-04-25 06:53:08,108
2025-04-25 07:24:13,125
2025-04-25 07:43:33,99
2025-04-25 07:58:52,74
2025-04-25 08:37:42,66
2025-04-25 08:54:51,68
2025-04-25 09:23:57,105
2025-04-25 09:40:56,106
2025-04-25 09:53:31,107
2025-04-25 10:32:18,94
2025-04-25 10:55:19,107
2025-04-25 11:26:15,103
2025-04-25 11:43:16,101
2025-04-25 11:58:59,108
2025-04-25 12:30:06,105
2025-04-25 12:47:46,106
2025-04-25 13:00:16,97
2025-04-25 13:23:43,101
2025-04-25 13:40:30,99
2025-04-25 13:52:45,96
2025-04-25 14:49:30,99
2025-04-25 15:20:30,114
2025-04-25 15:42:31,107
2025-04-25 15:58:57,106
2025-04-25 16:27:11,114
2025-04-25 16:45:23,114
2025-04-25 16:58:56,107
2025-04-25 17:28:19,104
2025-04-25 17:44:45,116
2025-04-25 17:59:00,126
2025-04-25 18:33:29,146
2025-04-25 18:55:56,153
2025-04-25 19:21:07,153
2025-04-25 19:38:21,139
2025-04-25 19:50:31,133
2025-04-25 20:15:55,116
2025-04-25 20:43:52,103
2025-04-25 20:59:05,81
2025-04-25 21:22:02,72
2025-04-25 21:40:27,54
2025-04-25 21:52:45,25
2025-04-25 22:26:46,1
2025-04-25 22:45:11,1
2025-04-25 22:58:45,1
2025-04-25 23:25:42,1
2025-04-25 23:42:54,1
2025-04-25 23:58:43,1
2025-04-26 00:28:12,1
2025-04-26 00:47:06,1
2025-04-26 00:59:09,1
2025-04-26 01:25:05,1
2025-04-26 01:41:04,1
2025-04-26 01:53:36,1
2025-04-26 03:51:23,1
2025-04-26 04:56:23,1
2025-04-26 05:35:27,0
2025-04-26 05:55:11,2
2025-04-26 06:28:06,42
2025-04-26 06:46:27,50
2025-04-26 06:58:56,43
2025-04-26 07:26:39,50
2025-04-26 07:43:18,48
2025-04-26 07:58:36,52
2025-04-26 08:34:24,83
2025-04-26 08:51:53,85
2025-04-26 09:21:10,97
2025-04-26 09:34:23,98
2025-04-26 09:48:43,113
2025-04-26 10:01:10,124
2025-04-26 10:32:34,139
2025-04-26 10:51:32,129
2025-04-26 11:12:44,113
2025-04-26 11:33:00,100
2025-04-26 11:48:45,105
2025-04-26 12:01:05,89
2025-04-26 12:29:31,84
2025-04-26 12:44:15,91
2025-04-26 12:58:47,90
2025-04-26 13:21:07,97
2025-04-26 13:34:09,91
2025-04-26 13:49:03,78
2025-04-26 14:01:02,68
2025-04-26 14:49:15,66
2025-04-26 15:16:33,74
2025-04-26 15:37:45,78
2025-04-26 15:50:01,91
2025-04-26 16:09:11,88
2025-04-26 16:30:51,103
2025-04-26 16:43:47,99
2025-04-26 16:58:43,95
2025-04-26 17:25:39,94
2025-04-26 17:41:12,79
2025-04-26 17:53:45,78
2025-04-26 18:27:55,69
2025-04-26 18:45:43,69
2025-04-26 18:59:00,74
2025-04-26 19:22:09,76
2025-04-26 19:40:02,75
2025-04-26 19:52:14,67
2025-04-26 20:30:01,64
2025-04-26 20:47:33,58
2025-04-26 20:59:21,58
2025-04-26 21:20:56,51
2025-04-26 21:33:44,41
2025-04-26 21:49:04,27
2025-04-26 22:01:18,5
2025-04-26 22:27:44,1
2025-04-26 22:42:46,0
2025-04-26 22:58:36,1
2025-04-26 23:23:20,1
2025-04-26 23:39:41,1
2025-04-26 23:52:08,1
2025-04-27 00:21:42,1
2025-04-27 00:43:38,1
2025-04-27 00:58:35,1
2025-04-27 01:24:48,1
2025-04-27 01:40:24,1
2025-04-27 01:53:02,1
2025-04-27 04:00:36,1
2025-04-27 05:13:35,0
2025-04-27 05:49:15,3
2025-04-27 06:01:33,20
2025-04-27 06:33:25,39
2025-04-27 06:50:27,44
2025-04-27 07:10:20,50
2025-04-27 07:33:17,51
2025-04-27 07:48:49,49
2025-04-27 08:00:52,57
2025-04-27 08:35:39,68
2025-04-27 08:52:33,78
2025-04-27 09:21:04,88
2025-04-27 09:34:21,88
2025-04-27 09:49:12,89
2025-04-27 10:01:09,94
2025-04-27 10:31:50,85
2025-04-27 10:51:54,88
2025-04-27 11:23:01,106
2025-04-27 11:40:57,118
2025-04-27 11:53:12,117
2025-04-27 12:24:24,130
2025-04-27 12:43:09,122
2025-04-27 12:58:45,124
2025-04-27 13:20:22,118
2025-04-27 13:33:57,114
2025-04-27 13:48:41,107
2025-04-27 14:01:11,104
2025-04-27 14:49:39,90
2025-04-27 15:17:13,88
2025-04-27 15:36:36,96
2025-04-27 15:49:13,100
2025-04-27 16:01:23,106
2025-04-27 16:29:38,106
2025-04-27 16:43:03,108
2025-04-27 16:58:37,107
2025-04-27 17:26:20,117
2025-04-27 17:41:31,115
2025-04-27 17:58:45,116
2025-04-27 18:30:57,109
2025-04-27 18:48:51,116
2025-04-27 19:01:07,119
2025-04-27 19:25:56,114
2025-04-27 19:40:56,116
2025-04-27 19:53:15,111
2025-04-27 20:30:17,92
2025-04-27 20:47:57,80
2025-04-27 21:00:10,87
2025-04-27 21:22:24,68
2025-04-27 21:39:51,49
2025-04-27 21:52:04,37
2025-04-27 22:25:16,0
2025-04-27 22:41:40,1
2025-04-27 22:58:59,1
2025-04-27 23:23:48,1
2025-04-27 23:39:30,0
2025-04-27 23:52:09,0
2025-04-28 00:22:12,0
2025-04-28 00:42:59,0
2025-04-28 00:58:44,0
2025-04-28 01:27:10,0
2025-04-28 01:42:19,0
2025-04-28 01:58:46,0
2025-04-28 04:07:14,0
2025-04-28 05:16:36,0
2025-04-28 05:51:57,0
2025-04-28 06:29:52,77
2025-04-28 06:50:05,85
2025-04-28 07:14:52,88
2025-04-28 07:48:31,58
2025-04-28 08:20:59,61
2025-04-28 08:53:41,67
2025-04-28 09:51:18,94
2025-04-28 10:37:59,91
2025-04-28 12:35:33,102
2025-04-28 13:29:30,80
2025-04-28 13:48:16,77
2025-04-28 14:00:36,72
2025-04-28 15:06:04,71
2025-04-28 15:49:38,75
2025-04-28 16:10:40,70
2025-04-28 16:41:57,70
2025-04-28 16:58:30,70
2025-04-28 17:29:45,78
2025-04-28 17:45:55,79
2025-04-28 17:59:06,82
2025-04-28 18:33:29,74
2025-04-28 18:53:34,77
2025-04-28 19:21:22,75
2025-04-28 19:42:35,76
2025-04-28 19:58:28,103
2025-04-28 20:37:01,101
2025-04-28 20:53:37,94
2025-04-28 21:20:21,83
2025-04-28 21:32:41,73
2025-04-28 21:48:27,46
2025-04-28 22:00:58,15
2025-04-28 22:28:07,1
2025-04-28 22:43:34,2
2025-04-28 22:58:36,2
2025-04-28 23:24:15,1
2025-04-28 23:41:06,1
2025-04-28 23:54:16,1
2025-04-29 00:24:06,1
2025-04-29 00:44:01,1
2025-04-29 00:58:48,1
2025-04-29 01:25:38,1
2025-04-29 01:41:21,1
2025-04-29 01:58:43,1
2025-04-29 04:04:27,1
2025-04-29 05:13:14,0
2025-04-29 05:47:46,2
2025-04-29 06:00:38,12
2025-04-29 06:31:49,108
2025-04-29 06:51:11,123
2025-04-29 07:14:02,142
2025-04-29 07:38:47,116
2025-04-29 07:51:31,96
2025-04-29 08:35:05,79
2025-04-29 08:54:27,57
2025-04-29 09:25:48,59
2025-04-29 09:42:17,68
2025-04-29 09:58:50,75
2025-04-29 10:36:46,88
2025-04-29 10:55:45,102
2025-04-29 11:27:34,90
2025-04-29 11:45:44,98
2025-04-29 11:58:53,95
2025-04-29 12:32:11,123
2025-04-29 12:52:40,104
2025-04-29 13:20:51,72
2025-04-29 13:35:25,65
2025-04-29 13:49:02,58
2025-04-29 14:01:31,55
2025-04-29 14:59:00,83
2025-04-29 15:40:01,93
2025-04-29 15:55:48,82
2025-04-29 16:25:33,89
2025-04-29 16:46:56,88
2025-04-29 16:59:18,85
2025-04-29 17:29:58,89
2025-04-29 17:47:00,90
2025-04-29 17:59:20,103
2025-04-29 18:34:02,125
2025-04-29 18:54:17,121
2025-04-29 19:43:19,110
2025-04-29 19:58:48,114
2025-04-29 20:35:52,98
2025-04-29 20:53:32,98
2025-04-29 21:20:14,75
2025-04-29 21:32:52,60
2025-04-29 21:49:11,36
2025-04-29 22:01:43,16
2025-04-29 22:32:44,2
2025-04-29 22:51:32,2
2025-04-29 23:22:31,1
2025-04-29 23:41:23,1
2025-04-29 23:58:59,1
2025-04-30 00:27:02,1
2025-04-30 00:44:39,1
2025-04-30 00:58:29,1
2025-04-30 01:25:30,1
2025-04-30 01:41:33,1
2025-04-30 01:58:43,1
2025-04-30 04:04:02,1
2025-04-30 05:13:20,0
2025-04-30 06:00:23,17
2025-04-30 06:32:49,122
2025-04-30 06:54:32,133
2025-04-30 07:24:41,136
2025-04-30 07:44:15,123
2025-04-30 07:58:31,89
2025-04-30 08:37:49,85
2025-04-30 08:57:03,85
2025-04-30 09:24:20,85
2025-04-30 09:41:35,78
2025-04-30 09:59:02,74
2025-04-30 10:35:38,99
2025-04-30 10:54:27,98
2025-04-30 11:26:56,66
2025-04-30 11:44:27,62
2025-04-30 11:58:37,84
2025-04-30 12:30:12,134
2025-04-30 12:48:21,126
2025-04-30 13:00:12,123
2025-04-30 13:23:39,103
2025-04-30 13:40:12,79
2025-04-30 13:52:39,71
2025-04-30 14:49:12,81
2025-04-30 15:20:42,88
2025-04-30 15:43:35,75
2025-04-30 15:59:14,70
2025-04-30 16:28:12,81
2025-04-30 16:47:01,89
2025-04-30 16:59:16,97
2025-04-30 17:29:50,106
2025-04-30 17:46:03,109
2025-04-30 17:59:12,112
2025-04-30 18:34:03,117
2025-04-30 18:54:50,125
2025-04-30 19:21:48,100
2025-04-30 19:42:58,98
2025-04-30 19:58:56,113
2025-04-30 20:36:58,92
2025-04-30 20:54:06,90
2025-04-30 21:20:02,71
2025-04-30 21:32:30,60
2025-04-30 21:49:08,51
2025-04-30 22:01:22,23
2025-04-30 22:32:14,0
2025-04-30 22:49:35,2
2025-04-30 23:08:45,2
2025-04-30 23:30:20,2
2025-04-30 23:43:49,2
2025-04-30 23:58:31,2
2025-05-01 00:27:21,2
2025-05-01 00:45:06,2
2025-05-01 00:58:49,2
2025-05-01 01:25:55,2
2025-05-01 01:42:40,2
2025-05-01 01:58:40,2
2025-05-01 04:18:53,2
2025-05-01 05:32:13,0
2025-05-01 06:02:49,18
2025-05-01 06:38:10,38
2025-05-01 06:54:05,33
2025-05-01 07:25:25,77
2025-05-01 07:44:28,76
2025-05-01 07:59:00,87
2025-05-01 08:38:34,84
2025-05-01 08:55:15,74
2025-05-01 09:24:32,68
2025-05-01 09:41:03,67
2025-05-01 09:53:38,70
2025-05-01 10:31:35,79
2025-05-01 10:54:21,79
2025-05-01 11:26:02,78
2025-05-01 11:43:37,75
2025-05-01 11:59:06,68
2025-05-01 12:30:41,65
2025-05-01 12:48:22,71
2025-05-01 13:00:46,69
2025-05-01 13:23:31,87
2025-05-01 13:40:33,85
2025-05-01 13:53:26,88
2025-05-01 14:47:47,80
2025-05-01 15:19:00,71
2025-05-01 15:41:54,64
2025-05-01 15:58:49,55
2025-05-01 16:26:47,58
2025-05-01 16:43:59,64
2025-05-01 16:58:21,57
2025-05-01 17:28:09,65
2025-05-01 17:45:39,61
2025-05-01 17:58:27,55
2025-05-01 18:33:45,44
2025-05-01 18:54:29,46
2025-05-01 19:21:54,50
2025-05-01 19:42:55,48
2025-05-01 19:58:37,35
2025-05-01 20:36:53,50
2025-05-01 20:54:26,48
2025-05-01 21:32:39,40
2025-05-01 21:48:50,23
2025-05-01 22:00:53,3
2025-05-01 22:28:55,3
2025-05-01 22:44:41,3
2025-05-01 22:58:46,3
2025-05-01 23:24:07,3
2025-05-01 23:40:56,3
2025-05-01 23:53:43,3
2025-05-02 00:23:43,3
2025-05-02 00:44:23,3
2025-05-02 00:59:00,3
2025-05-02 01:25:59,3
2025-05-02 01:42:00,3
2025-05-02 01:58:54,3
2025-05-02 04:04:57,3
2025-05-02 05:15:01,0
2025-05-02 05:50:39,2
2025-05-02 06:14:26,39
2025-05-02 06:41:47,83
2025-05-02 06:58:54,88
2025-05-02 07:28:19,101
2025-05-02 07:45:11,68
2025-05-02 07:58:56,55
2025-05-02 08:37:43,66
2025-05-02 08:54:44,56
2025-05-02 09:24:13,62
2025-05-02 09:41:20,63
2025-05-02 09:53:48,65
2025-05-02 10:31:49,64
2025-05-02 10:54:30,80
2025-05-02 11:25:56,81
2025-05-02 11:43:07,90
2025-05-02 11:58:29,100
2025-05-02 12:29:49,107
2025-05-02 12:48:06,101
2025-05-02 13:23:37,59
2025-05-02 13:42:16,56
2025-05-02 13:59:00,55
2025-05-02 14:52:58,54
2025-05-02 15:33:05,68
2025-05-02 15:50:09,68
2025-05-02 16:10:39,74
2025-05-02 16:35:18,84
2025-05-02 16:49:55,78
2025-05-02 17:10:18,67
2025-05-02 17:32:56,68
2025-05-02 17:48:53,84
2025-05-02 18:01:40,85
2025-05-02 18:35:28,84
2025-05-02 18:53:52,91
2025-05-02 19:21:48,71
2025-05-02 19:42:46,72
2025-05-02 19:58:56,66
2025-05-02 20:36:41,47
2025-05-02 20:53:14,31
2025-05-02 21:20:08,33
2025-05-02 21:32:58,25
2025-05-02 21:49:00,13
2025-05-02 22:01:21,0
2025-05-02 22:31:51,0
2025-05-02 22:49:39,0
2025-05-02 23:08:15,0
2025-05-02 23:29:14,0
2025-05-02 23:43:28,0
2025-05-02 23:58:57,0
2025-05-03 00:27:46,0
2025-05-03 00:46:38,0
2025-05-03 00:59:11,0
2025-05-03 01:25:24,0
2025-05-03 01:41:33,0
2025-05-03 01:58:31,0
2025-05-03 04:02:25,0
2025-05-03 05:12:08,0
2025-05-03 05:47:39,1
2025-05-03 05:59:59,2
2025-05-03 06:31:37,36
2025-05-03 06:52:04,42
2025-05-03 07:24:30,47
2025-05-03 07:43:15,56
2025-05-03 07:58:45,62
2025-05-03 08:35:03,88
2025-05-03 08:52:21,82
2025-05-03 09:21:50,94
2025-05-03 09:40:21,84
2025-05-03 09:52:57,94
2025-05-03 10:28:29,108
2025-05-03 10:46:55,113
2025-05-03 10:59:38,103
2025-05-03 11:26:11,100
2025-05-03 11:41:05,111
2025-05-03 11:53:48,109
2025-05-03 12:23:57,105
2025-05-03 12:43:36,90
2025-05-03 12:58:29,77
2025-05-03 13:21:06,78
2025-05-03 13:34:53,86
2025-05-03 13:48:48,80
2025-05-03 14:01:10,82
2025-05-03 14:50:59,73
2025-05-03 15:19:33,80
2025-05-03 15:38:35,100
2025-05-03 15:51:10,87
2025-05-03 16:11:11,90
2025-05-03 16:33:03,98
2025-05-03 16:48:36,102
2025-05-03 17:00:50,113
2025-05-03 17:26:43,107
2025-05-03 17:42:03,107
2025-05-03 17:58:29,111
2025-05-03 18:31:27,96
2025-05-03 18:49:00,77
2025-05-03 19:01:03,74
2025-05-03 19:24:50,61
2025-05-03 19:40:37,58
2025-05-03 19:53:21,61
2025-05-03 20:31:01,47
2025-05-03 20:49:04,59
2025-05-03 21:01:22,55
2025-05-03 21:20:56,42
2025-05-03 21:34:47,33
2025-05-03 21:49:08,22
2025-05-03 22:01:19,5
2025-05-03 22:27:53,0
2025-05-03 22:43:32,0
2025-05-03 22:58:44,0
2025-05-03 23:24:03,0
2025-05-03 23:40:05,0
2025-05-03 23:52:52,0
2025-05-04 00:22:25,0
2025-05-04 00:43:18,0
2025-05-04 00:58:45,0
2025-05-04 01:24:46,0
2025-05-04 01:41:21,0
2025-05-04 01:53:49,0
2025-05-04 04:06:08,0
2025-05-04 05:21:42,0
2025-05-04 05:58:36,2
2025-05-04 06:32:04,32
2025-05-04 06:51:38,36
2025-05-04 07:24:15,50
2025-05-04 07:43:42,51
2025-05-04 07:58:38,57
2025-05-04 08:36:05,79
2025-05-04 08:52:36,86
2025-05-04 09:21:48,102
2025-05-04 09:39:19,114
2025-05-04 09:52:04,118
2025-05-04 10:28:32,146
2025-05-04 10:46:53,154
2025-05-04 10:59:21,138
2025-05-04 11:26:29,138
2025-05-04 11:41:20,141
2025-05-04 11:53:40,142
2025-05-04 12:24:26,142
2025-05-04 12:43:37,132
2025-05-04 12:58:44,127
2025-05-04 13:21:10,129
2025-05-04 13:35:07,125
2025-05-04 13:49:03,121
2025-05-04 14:01:16,126
2025-05-04 14:52:48,131
2025-05-04 15:29:18,133
2025-05-04 15:43:42,142
2025-05-04 15:58:36,151
2025-05-04 16:24:27,151
2025-05-04 16:42:13,154
2025-05-04 16:58:45,144
2025-05-04 17:26:15,162
2025-05-04 17:42:31,161
2025-05-04 17:58:41,165
2025-05-04 18:31:17,165
2025-05-04 18:48:57,144
2025-05-04 19:01:06,133
2025-05-04 19:24:57,117
2025-05-04 19:41:03,98
2025-05-04 19:53:32,83
2025-05-04 20:31:13,85
2025-05-04 20:49:37,82
2025-05-04 21:05:11,77
2025-05-04 21:24:08,67
2025-05-04 21:40:29,40
2025-05-04 21:53:12,16
2025-05-04 22:25:26,0
2025-05-04 22:42:57,0
2025-05-04 22:58:43,0
2025-05-04 23:24:24,0
2025-05-04 23:41:23,0
2025-05-04 23:53:46,0
2025-05-05 00:23:02,0
2025-05-05 00:43:48,0
2025-05-05 00:58:25,0
2025-05-05 01:24:49,0
2025-05-05 01:41:26,0
2025-05-05 01:53:44,0
2025-05-05 04:01:11,0
2025-05-05 05:17:41,0
2025-05-05 05:53:30,0
2025-05-05 06:30:09,82
2025-05-05 06:49:33,95
2025-05-05 07:11:14,107
2025-05-05 07:40:04,109
2025-05-05 07:52:36,78
2025-05-05 08:35:53,87
2025-05-05 08:55:18,91
2025-05-05 09:24:57,87
2025-05-05 09:42:07,102
2025-05-05 09:58:30,129
2025-05-05 10:37:31,120
2025-05-05 10:55:56,131
2025-05-05 11:27:32,111
2025-05-05 11:45:36,114
2025-05-05 11:59:06,135
2025-05-05 12:31:52,146
2025-05-05 12:51:43,149
2025-05-05 13:20:58,123
2025-05-05 13:34:46,105
2025-05-05 13:48:52,108
2025-05-05 14:01:17,104
2025-05-05 14:55:52,153
2025-05-05 15:34:12,179
2025-05-05 15:51:23,133
2025-05-05 16:13:47,113
2025-05-05 16:42:22,101
2025-05-05 16:58:56,100
2025-05-05 17:29:26,120
2025-05-05 17:45:53,125
2025-05-05 17:59:07,131
2025-05-05 18:35:11,186
2025-05-05 18:54:12,212
2025-05-05 19:22:03,206
2025-05-05 19:43:06,195
2025-05-05 19:58:21,201
2025-05-05 20:33:51,160
2025-05-05 20:52:59,155
2025-05-05 21:17:46,114
2025-05-05 21:30:47,97
2025-05-05 21:42:29,84
2025-05-05 21:58:45,46
2025-05-05 22:29:40,1
2025-05-05 22:46:40,0
2025-05-05 22:59:16,0
2025-05-05 23:25:50,0
2025-05-05 23:42:27,0
2025-05-05 23:59:04,0
2025-05-06 00:29:03,0
2025-05-06 00:46:12,0
2025-05-06 00:58:35,0
2025-05-06 01:25:42,0
2025-05-06 01:42:53,0
2025-05-06 01:59:00,0
2025-05-06 04:05:53,0
2025-05-06 05:15:20,0
2025-05-06 05:50:02,1
2025-05-06 06:14:18,61
2025-05-06 06:41:24,115
2025-05-06 06:55:49,117
2025-05-06 07:25:20,146
2025-05-06 07:44:48,123
2025-05-06 07:58:37,114
2025-05-06 08:37:56,98
2025-05-06 08:55:10,79
2025-05-06 09:25:03,112
2025-05-06 09:42:27,124
2025-05-06 09:58:55,144
2025-05-06 10:36:04,120
2025-05-06 10:55:24,155
2025-05-06 11:27:24,125
2025-05-06 11:44:44,126
2025-05-06 11:58:59,144
2025-05-06 12:31:20,140
2025-05-06 12:49:07,141
2025-05-06 13:01:56,137
2025-05-06 13:26:35,126
2025-05-06 13:40:45,115
2025-05-06 13:53:22,109
2025-05-06 14:51:40,145
2025-05-06 15:36:16,167
2025-05-06 15:52:54,176
2025-05-06 16:25:21,171
2025-05-06 16:47:44,228
2025-05-06 17:00:19,279
2025-05-06 17:35:35,241
2025-05-06 17:52:55,259
2025-05-06 18:30:41,233
2025-05-06 18:51:02,228
2025-05-06 19:11:42,224
2025-05-06 19:36:30,214
2025-05-06 19:49:10,204
2025-05-06 20:01:52,199
2025-05-06 20:39:04,169
2025-05-06 20:54:31,163
2025-05-06 21:19:11,120
2025-05-06 21:31:42,110
2025-05-06 21:49:00,73
2025-05-06 22:01:17,49
2025-05-06 22:32:27,0
2025-05-06 22:50:03,1
2025-05-06 23:10:00,1
2025-05-06 23:30:43,1
2025-05-06 23:43:58,1
2025-05-06 23:58:31,1
2025-05-07 00:27:34,1
2025-05-07 00:45:23,1
2025-05-07 00:58:47,1
2025-05-07 01:25:20,1
2025-05-07 01:42:07,1
2025-05-07 01:58:43,1
2025-05-07 04:06:41,1
2025-05-07 05:16:35,0
2025-05-07 05:52:04,1
2025-05-07 06:29:37,128
2025-05-07 06:48:47,146
2025-05-07 07:00:54,141
2025-05-07 07:30:25,155
2025-05-07 07:47:00,135
2025-05-07 07:59:08,115
2025-05-07 08:38:51,132
2025-05-07 08:56:21,144
2025-05-07 09:25:11,132
2025-05-07 09:42:33,138
2025-05-07 09:59:02,134
2025-05-07 10:37:02,131
2025-05-07 10:56:20,129
2025-05-07 11:27:54,103
2025-05-07 11:45:57,97
2025-05-07 11:58:58,112
2025-05-07 12:31:38,134
2025-05-07 12:52:35,135
2025-05-07 13:21:34,113
2025-05-07 13:41:38,90
2025-05-07 13:53:45,93
2025-05-07 14:52:50,123
2025-05-07 15:37:17,144
2025-05-07 15:54:23,150
2025-05-07 16:25:56,167
2025-05-07 16:48:42,180
2025-05-07 17:01:18,177
2025-05-07 17:32:06,179
2025-05-07 17:52:19,207
2025-05-07 18:32:29,229
2025-05-07 18:56:12,213
2025-05-07 19:22:47,195
2025-05-07 19:44:41,203
2025-05-07 19:58:57,211
2025-05-07 20:36:38,153
2025-05-07 20:54:37,147
2025-05-07 21:21:05,119
2025-05-07 21:34:29,85
2025-05-07 21:48:55,56
2025-05-07 22:01:31,27
2025-05-07 22:31:49,0
2025-05-07 22:51:01,2
2025-05-07 23:11:56,2
2025-05-07 23:32:38,1
2025-05-07 23:49:16,1
2025-05-08 00:01:44,1
2025-05-08 00:34:23,1
2025-05-08 00:50:03,1
2025-05-08 01:10:31,1
2025-05-08 01:31:13,1
2025-05-08 01:46:03,1
2025-05-08 01:59:01,1
2025-05-08 04:07:42,1
2025-05-08 05:18:16,0
2025-05-08 05:52:46,1
2025-05-08 06:30:52,104
2025-05-08 06:50:13,119
2025-05-08 07:11:27,139
2025-05-08 07:40:21,134
2025-05-08 07:52:35,111
2025-05-08 08:35:53,106
2025-05-08 08:55:31,102
2025-05-08 09:24:45,110
2025-05-08 09:42:33,96
2025-05-08 09:58:42,98
2025-05-08 10:36:01,114
2025-05-08 10:55:17,124
2025-05-08 11:27:04,133
2025-05-08 11:44:38,123
2025-05-08 11:58:33,131
2025-05-08 12:31:19,113
2025-05-08 12:49:51,100
2025-05-08 13:08:56,79
2025-05-08 13:28:00,94
2025-05-08 13:42:26,87
2025-05-08 13:58:42,78
2025-05-08 14:55:02,108
2025-05-08 15:34:12,104
2025-05-08 15:49:13,119
2025-05-08 16:01:09,131
2025-05-08 16:30:34,128
2025-05-08 16:48:13,126
2025-05-08 17:00:32,139
2025-05-08 17:31:36,114
2025-05-08 17:51:17,120
2025-05-08 18:16:32,148
2025-05-08 18:45:59,157
2025-05-08 19:00:18,171
2025-05-08 19:26:57,179
2025-05-08 19:42:33,174
2025-05-08 19:58:48,176
2025-05-08 20:37:52,136
2025-05-08 20:55:50,127
2025-05-08 21:20:39,95
2025-05-08 21:34:11,83
2025-05-08 21:49:07,60
2025-05-08 22:01:33,35
2025-05-08 22:33:17,2
2025-05-08 22:50:59,2
2025-05-08 23:12:16,1
2025-05-08 23:34:25,2
2025-05-08 23:48:46,1
2025-05-09 00:00:54,1
2025-05-09 00:29:41,1
2025-05-09 00:46:22,1
2025-05-09 00:59:01,1
2025-05-09 01:26:25,1
2025-05-09 01:43:19,1
2025-05-09 01:58:44,1
2025-05-09 04:06:19,1
2025-05-09 05:16:58,0
2025-05-09 05:52:10,1
2025-05-09 06:29:57,105
2025-05-09 06:48:57,123
2025-05-09 07:01:24,121
2025-05-09 07:30:25,128
2025-05-09 07:46:22,102
2025-05-09 07:59:05,92
2025-05-09 08:38:25,150
2025-05-09 08:56:17,149
2025-05-09 09:24:23,155
2025-05-09 09:41:30,135
2025-05-09 09:58:38,134
2025-05-09 10:35:57,153
2025-05-09 10:54:25,150
2025-05-09 11:26:41,139
2025-05-09 11:44:22,132
2025-05-09 11:58:58,147
2025-05-09 12:30:28,131
2025-05-09 12:48:21,137
2025-05-09 13:00:44,130
2025-05-09 13:23:38,117
2025-05-09 13:40:42,116
2025-05-09 13:53:29,131
2025-05-09 14:49:13,148
2025-05-09 15:21:25,164
2025-05-09 15:46:58,140
2025-05-09 15:59:04,150
2025-05-09 16:28:13,148
2025-05-09 16:46:47,169
2025-05-09 16:59:09,205
2025-05-09 17:20:45,200
2025-05-09 17:45:30,231
2025-05-09 17:58:36,245
2025-05-09 18:33:17,183
2025-05-09 18:54:00,187
2025-05-09 19:21:27,137
2025-05-09 19:43:02,142
2025-05-09 19:58:31,137
2025-05-09 20:36:46,96
2025-05-09 20:53:30,87
2025-05-09 21:19:55,81
2025-05-09 21:32:25,72
2025-05-09 21:49:13,42
2025-05-09 22:01:16,16
2025-05-09 22:30:37,1
2025-05-09 22:46:12,1
2025-05-09 22:58:56,2
2025-05-09 23:25:15,1
2025-05-09 23:41:26,1
2025-05-09 23:53:39,1
2025-05-10 00:23:35,1
2025-05-10 00:44:08,1
2025-05-10 00:58:41,1
2025-05-10 01:25:18,1
2025-05-10 01:41:19,1
2025-05-10 01:53:48,1
2025-05-10 03:53:24,1
2025-05-10 05:08:16,0
2025-05-10 05:44:56,2
2025-05-10 05:59:20,2
2025-05-10 06:32:37,48
2025-05-10 06:52:54,50
2025-05-10 07:23:06,69
2025-05-10 07:42:58,63
2025-05-10 07:58:45,67
2025-05-10 08:34:29,88
2025-05-10 08:52:20,99
2025-05-10 09:21:25,123
2025-05-10 09:40:14,135
2025-05-10 09:52:43,144
2025-05-10 10:28:58,162
2025-05-10 10:47:12,178
2025-05-10 10:59:35,209
2025-05-10 11:26:01,209
2025-05-10 11:40:56,222
2025-05-10 11:53:24,219
2025-05-10 12:24:41,183
2025-05-10 12:44:25,172
2025-05-10 12:58:36,189
2025-05-10 13:22:31,150
2025-05-10 13:40:05,133
2025-05-10 13:52:46,129
2025-05-10 14:43:53,90
2025-05-10 15:15:28,73
2025-05-10 15:37:45,55
2025-05-10 15:49:56,53
2025-05-10 16:08:54,51
2025-05-10 16:31:49,62
2025-05-10 16:48:49,61
2025-05-10 17:01:24,65
2025-05-10 17:27:34,58
2025-05-10 17:42:42,65
2025-05-10 17:58:59,55
2025-05-10 18:32:30,52
2025-05-10 18:53:16,50
2025-05-10 19:19:23,42
2025-05-10 19:34:18,41
2025-05-10 19:48:54,34
2025-05-10 20:01:20,29
2025-05-10 20:34:17,35
2025-05-10 20:51:24,33
2025-05-10 21:10:02,26
2025-05-10 21:25:21,25
2025-05-10 21:39:57,12
2025-05-10 21:52:31,0
2025-05-10 22:24:49,0
2025-05-10 22:42:15,1
2025-05-10 22:58:57,1
2025-05-10 23:23:16,1
2025-05-10 23:40:01,1
2025-05-10 23:52:44,1
2025-05-11 00:21:43,1
2025-05-11 00:42:50,1
2025-05-11 00:59:08,1
2025-05-11 01:24:38,1
2025-05-11 01:40:19,1
2025-05-11 01:52:44,1
2025-05-11 04:03:56,1
2025-05-11 05:19:44,0
2025-05-11 05:54:18,2
2025-05-11 06:29:50,37
2025-05-11 06:47:58,44
2025-05-11 07:00:42,46
2025-05-11 07:28:16,52
2025-05-11 07:45:12,56
2025-05-11 07:59:03,56
2025-05-11 08:35:33,73
2025-05-11 08:53:17,88
2025-05-11 09:22:57,86
2025-05-11 09:40:52,73
2025-05-11 09:53:41,75
2025-05-11 10:29:36,81
2025-05-11 10:49:22,91
2025-05-11 11:09:11,119
2025-05-11 11:29:53,110
2025-05-11 11:44:34,116
2025-05-11 11:58:37,102
2025-05-11 12:27:20,105
2025-05-11 12:44:03,88
2025-05-11 12:58:56,77
2025-05-11 13:20:59,73
2025-05-11 13:34:46,72
2025-05-11 13:48:36,68
2025-05-11 14:01:09,60
2025-05-11 14:50:59,81
2025-05-11 15:20:06,86
2025-05-11 15:39:25,72
2025-05-11 15:52:10,70
2025-05-11 16:22:29,73
2025-05-11 16:43:08,70
2025-05-11 16:58:40,67
2025-05-11 17:26:06,69
2025-05-11 17:41:52,66
2025-05-11 17:58:52,75
2025-05-11 18:31:52,61
2025-05-11 18:51:23,63
2025-05-11 19:19:12,50
2025-05-11 19:34:15,51
2025-05-11 19:48:57,47
2025-05-11 20:01:05,47
2025-05-11 20:34:50,52
2025-05-11 20:51:49,58
2025-05-11 21:18:25,65
2025-05-11 21:30:56,50
2025-05-11 21:43:15,36
2025-05-11 21:58:36,20
2025-05-11 22:27:21,0
2025-05-11 22:43:06,1
2025-05-11 22:58:50,1
2025-05-11 23:24:16,1
2025-05-11 23:40:08,1
2025-05-11 23:52:23,1
2025-05-12 00:22:34,1
2025-05-12 00:43:19,1
2025-05-12 00:58:38,1
2025-05-12 01:24:41,1
2025-05-12 01:41:18,1
2025-05-12 01:54:07,1
2025-05-12 04:01:53,1
2025-05-12 05:19:41,0
2025-05-12 05:55:47,2
2025-05-12 06:30:31,85
2025-05-12 06:49:30,96
2025-05-12 07:10:46,99
2025-05-12 07:35:29,106
2025-05-12 07:50:23,83
2025-05-12 08:16:40,112
2025-05-12 08:48:05,103
2025-05-12 09:00:31,112
2025-05-12 09:28:46,86
2025-05-12 09:43:51,92
2025-05-12 09:58:53,128
2025-05-12 10:36:59,121
2025-05-12 10:56:05,127
2025-05-12 11:28:23,122
2025-05-12 11:46:02,139
2025-05-12 11:59:07,159
2025-05-12 12:33:03,164
2025-05-12 12:52:46,156
2025-05-12 13:21:36,121
2025-05-12 13:40:56,136
2025-05-12 13:53:28,116
2025-05-12 14:52:10,135
2025-05-12 15:36:42,135
2025-05-12 15:52:10,126
2025-05-12 16:26:34,134
2025-05-12 16:48:39,134
2025-05-12 17:01:12,152
2025-05-12 17:33:03,168
2025-05-12 17:51:47,181
2025-05-12 18:32:19,176
2025-05-12 18:55:51,195
2025-05-12 19:22:04,184
2025-05-12 19:43:59,177
2025-05-12 19:58:56,201
2025-05-12 20:38:04,189
2025-05-12 20:55:29,174
2025-05-12 21:20:43,127
2025-05-12 21:34:34,102
2025-05-12 21:49:09,69
2025-05-12 22:01:50,42
2025-05-12 22:33:12,1
2025-05-12 22:51:29,0
2025-05-12 23:23:19,0
2025-05-12 23:42:17,0
2025-05-12 23:59:01,0
2025-05-13 00:28:13,0
2025-05-13 00:46:15,0
2025-05-13 00:58:56,0
2025-05-13 01:25:47,0
2025-05-13 01:41:52,0
2025-05-13 01:58:24,0
2025-05-13 04:08:01,0
2025-05-13 05:18:43,0
2025-05-13 05:53:24,1
2025-05-13 06:30:20,115
2025-05-13 06:49:24,136
2025-05-13 07:10:08,164
2025-05-13 07:34:54,141
2025-05-13 07:49:51,119
2025-05-13 08:14:59,122
2025-05-13 08:46:35,103
2025-05-13 08:59:17,113
2025-05-13 09:28:01,110
2025-05-13 09:43:41,100
2025-05-13 09:58:47,120
2025-05-13 10:36:38,109
2025-05-13 10:56:20,124
2025-05-13 11:27:51,99
2025-05-13 11:46:05,105
2025-05-13 11:58:39,127
2025-05-13 12:32:15,129
2025-05-13 12:53:22,132
2025-05-13 13:21:28,110
2025-05-13 13:41:51,102
2025-05-13 13:58:38,91
2025-05-13 14:57:03,91
2025-05-13 15:38:22,140
2025-05-13 15:55:08,144
2025-05-13 16:26:35,145
2025-05-13 16:49:19,182
2025-05-13 17:01:17,230
2025-05-13 17:31:12,218
2025-05-13 17:48:24,237
2025-05-13 18:00:54,248
2025-05-13 18:36:49,198
2025-05-13 18:55:51,204
2025-05-13 19:22:37,210
2025-05-13 19:44:13,209
2025-05-13 19:58:50,212
2025-05-13 20:36:28,169
2025-05-13 20:54:12,133
2025-05-13 21:20:36,98
2025-05-13 21:34:26,75
2025-05-13 21:49:02,60
2025-05-13 22:01:34,35
2025-05-13 22:31:30,0
2025-05-13 22:50:54,1
2025-05-13 23:11:22,1
2025-05-13 23:31:37,1
2025-05-13 23:49:01,1
2025-05-14 00:01:36,1
2025-05-14 00:33:54,1
2025-05-14 00:50:02,1
2025-05-14 01:10:09,1
2025-05-14 01:30:40,1
2025-05-14 01:44:30,1
2025-05-14 01:58:29,1
2025-05-14 04:06:42,1
2025-05-14 05:16:50,0
2025-05-14 05:52:21,0
2025-05-14 06:30:08,124
2025-05-14 06:49:14,140
2025-05-14 07:01:41,139
2025-05-14 07:33:31,137
2025-05-14 07:50:18,115
2025-05-14 08:15:36,111
2025-05-14 08:46:47,117
2025-05-14 08:59:19,119
2025-05-14 09:27:27,106
2025-05-14 09:43:41,109
2025-05-14 09:58:57,116
2025-05-14 10:36:21,114
2025-05-14 10:55:43,111
2025-05-14 11:27:19,103
2025-05-14 11:44:42,109
2025-05-14 11:59:01,129
2025-05-14 12:31:37,129
2025-05-14 12:52:12,127
2025-05-14 13:21:15,104
2025-05-14 13:36:09,97
2025-05-14 13:48:43,99
2025-05-14 14:01:30,91
2025-05-14 14:56:40,123
2025-05-14 15:36:02,126
2025-05-14 15:52:08,125
2025-05-14 16:25:57,144
2025-05-14 16:45:57,158
2025-05-14 16:58:50,179
2025-05-14 17:30:24,149
2025-05-14 17:47:51,173
2025-05-14 18:00:10,192
2025-05-14 18:35:38,180
2025-05-14 18:55:52,178
2025-05-14 19:22:38,114
2025-05-14 19:42:33,118
2025-05-14 19:59:14,134
2025-05-14 20:36:29,102
2025-05-14 20:53:24,112
2025-05-14 21:21:14,91
2025-05-14 21:33:16,73
2025-05-14 21:49:18,41
2025-05-14 22:02:10,13
2025-05-14 22:28:55,0
2025-05-14 22:42:36,0
2025-05-14 22:59:25,0
2025-05-14 23:22:09,0
2025-05-14 23:40:52,0
2025-05-14 23:52:42,0
2025-05-15 00:20:34,0
2025-05-15 00:35:54,0
2025-05-15 00:48:54,0
2025-05-15 01:01:25,0
2025-05-15 01:26:44,0
2025-05-15 01:43:01,0
2025-05-15 01:59:08,0
2025-05-15 04:05:50,0
2025-05-15 05:17:13,0
2025-05-15 05:51:57,0
2025-05-15 06:30:21,83
2025-05-15 06:49:25,98
2025-05-15 07:10:29,120
2025-05-15 07:35:18,115
2025-05-15 07:49:48,95
2025-05-15 08:15:18,96
2025-05-15 08:47:14,81
2025-05-15 08:59:39,86
2025-05-15 09:28:09,96
2025-05-15 09:43:24,78
2025-05-15 09:58:50,75
2025-05-15 10:36:32,116
2025-05-15 10:55:29,123
2025-05-15 11:27:29,80
2025-05-15 11:44:48,86
2025-05-15 11:59:11,107
2025-05-15 12:32:48,113
2025-05-15 12:52:59,102
2025-05-15 13:21:13,81
2025-05-15 13:36:27,79
2025-05-15 13:48:57,72
2025-05-15 14:01:25,91
2025-05-15 14:56:27,91
2025-05-15 15:34:39,80
2025-05-15 15:52:19,88
2025-05-15 16:26:13,94
2025-05-15 16:46:00,94
2025-05-15 16:58:42,113
2025-05-15 17:28:50,107
2025-05-15 17:46:04,117
2025-05-15 17:58:43,118
2025-05-15 18:35:35,123
2025-05-15 18:55:42,146
2025-05-15 19:22:22,130
2025-05-15 19:43:13,125
2025-05-15 19:58:47,143
2025-05-15 20:38:25,102
2025-05-15 20:56:09,90
2025-05-15 21:20:11,79
2025-05-15 21:33:29,71
2025-05-15 21:48:51,53
2025-05-15 22:01:31,30
2025-05-15 22:50:56,0
2025-05-15 23:11:53,1
2025-05-15 23:34:04,1
2025-05-15 23:49:14,0
2025-05-16 00:01:04,0
2025-05-16 00:29:38,0
2025-05-16 00:46:27,0
2025-05-16 00:58:48,0
2025-05-16 01:26:31,0
2025-05-16 01:42:20,0
2025-05-16 01:58:47,0
2025-05-16 04:08:33,0
2025-05-16 05:19:01,0
2025-05-16 05:54:08,2
2025-05-16 06:30:48,114
2025-05-16 06:49:39,125
2025-05-16 07:11:04,133
2025-05-16 07:35:44,115
2025-05-16 07:49:53,84
2025-05-16 08:15:01,141
2025-05-16 08:46:53,122
2025-05-16 08:59:34,123
2025-05-16 09:27:41,147
2025-05-16 09:43:34,130
2025-05-16 09:58:59,149
2025-05-16 10:36:01,145
2025-05-16 10:55:20,164
2025-05-16 11:26:59,138
2025-05-16 11:44:30,139
2025-05-16 11:58:51,145
2025-05-16 12:31:13,137
2025-05-16 12:49:25,126
2025-05-16 13:02:26,129
2025-05-16 13:27:02,109
2025-05-16 13:41:17,138
2025-05-16 13:54:00,126
2025-05-16 14:50:41,112
2025-05-16 15:25:24,146
2025-05-16 15:47:48,126
2025-05-16 16:00:13,143
2025-05-16 16:29:58,166
2025-05-16 16:48:06,193
2025-05-16 17:00:29,225
2025-05-16 17:28:47,203
2025-05-16 17:45:45,200
2025-05-16 17:59:02,214
2025-05-16 18:34:27,144
2025-05-16 18:55:21,147
2025-05-16 19:21:03,110
2025-05-16 19:38:56,116
2025-05-16 19:51:29,123
2025-05-16 20:34:07,82
2025-05-16 20:53:54,66
2025-05-16 21:20:04,54
2025-05-16 21:33:07,38
2025-05-16 21:49:03,19
2025-05-16 22:01:20,11
2025-05-16 22:32:14,1
2025-05-16 22:49:54,1
2025-05-16 23:09:14,1
2025-05-16 23:29:58,1
2025-05-16 23:43:05,1
2025-05-16 23:58:52,1
2025-05-17 00:27:19,1
2025-05-17 00:45:06,1
2025-05-17 00:58:46,1
2025-05-17 01:26:02,1
2025-05-17 01:41:57,1
2025-05-17 01:58:56,1
2025-05-17 04:04:59,1
2025-05-17 05:15:15,0
2025-05-17 05:48:47,0
2025-05-17 06:01:10,25
2025-05-17 06:32:42,41
2025-05-17 06:51:25,40
2025-05-17 07:23:04,52
2025-05-17 07:43:27,58
2025-05-17 07:58:49,63
2025-05-17 08:35:27,92
2025-05-17 08:52:50,95
2025-05-17 09:22:11,107
2025-05-17 09:40:09,111
2025-05-17 09:52:49,121
2025-05-17 10:29:13,131
2025-05-17 10:48:09,160
2025-05-17 11:00:16,169
2025-05-17 11:27:01,188
2025-05-17 11:42:10,188
2025-05-17 11:58:49,196
2025-05-17 12:29:26,140
2025-05-17 12:46:03,117
2025-05-17 12:58:41,124
2025-05-17 13:21:17,95
2025-05-17 13:34:45,81
2025-05-17 13:49:04,73
2025-05-17 14:01:41,89
2025-05-17 14:53:02,84
2025-05-17 15:29:42,45
2025-05-17 15:44:07,46
2025-05-17 15:59:23,55
2025-05-17 16:25:19,64
2025-05-17 16:42:40,67
2025-05-17 16:58:36,65
2025-05-17 17:25:51,52
2025-05-17 17:41:27,55
2025-05-17 17:58:52,48
2025-05-17 18:31:46,32
2025-05-17 18:53:59,42
2025-05-17 19:20:07,27
2025-05-17 19:36:59,26
2025-05-17 19:49:25,24
2025-05-17 20:01:54,26
2025-05-17 20:37:19,28
2025-05-17 20:52:39,25
2025-05-17 21:20:28,22
2025-05-17 21:33:29,5
2025-05-17 21:48:58,0
2025-05-17 22:01:12,0
2025-05-17 22:28:50,1
2025-05-17 22:44:23,1
2025-05-17 22:58:59,2
2025-05-17 23:24:11,2
2025-05-17 23:40:21,2
2025-05-17 23:53:51,2
2025-05-18 00:22:08,2
2025-05-18 00:42:57,2
2025-05-18 00:58:44,2
2025-05-18 01:25:14,2
2025-05-18 01:41:02,2
2025-05-18 01:53:36,2
2025-05-18 04:05:30,2
2025-05-18 05:22:26,0
2025-05-18 06:01:20,18
2025-05-18 06:36:49,39
2025-05-18 06:54:41,42
2025-05-18 07:24:01,46
2025-05-18 07:43:51,53
2025-05-18 07:58:54,59
2025-05-18 08:36:31,78
2025-05-18 08:54:15,82
2025-05-18 09:22:27,112
2025-05-18 09:41:03,109
2025-05-18 09:53:20,102
2025-05-18 10:28:58,105
2025-05-18 10:47:06,107
2025-05-18 10:59:53,107
2025-05-18 11:26:37,114
2025-05-18 11:41:42,106
2025-05-18 11:58:52,107
2025-05-18 12:28:41,92
2025-05-18 12:45:20,87
2025-05-18 12:58:43,81
2025-05-18 13:21:16,95
2025-05-18 13:35:34,99
2025-05-18 13:49:09,91
2025-05-18 14:01:23,93
2025-05-18 14:52:06,101
2025-05-18 15:29:58,75
2025-05-18 15:44:39,67
2025-05-18 15:58:37,69
2025-05-18 16:25:05,80
2025-05-18 16:42:22,83
2025-05-18 16:58:50,84
2025-05-18 17:25:36,79
2025-05-18 17:42:26,75
2025-05-18 17:58:49,69
2025-05-18 18:31:10,67
2025-05-18 18:48:30,67
2025-05-18 19:01:06,69
2025-05-18 19:25:26,71
2025-05-18 19:41:38,68
2025-05-18 19:58:49,67
2025-05-18 20:34:56,55
2025-05-18 20:52:20,54
2025-05-18 21:18:49,40
2025-05-18 21:31:14,30
2025-05-18 21:43:37,30
2025-05-18 21:59:03,8
2025-05-18 22:28:04,0
2025-05-18 22:43:46,0
2025-05-18 22:58:38,0
2025-05-18 23:23:58,0
2025-05-18 23:40:16,0
2025-05-18 23:52:41,0
2025-05-19 00:22:46,0
2025-05-19 00:43:31,0
2025-05-19 00:59:07,0
2025-05-19 01:25:49,0
2025-05-19 01:42:04,0
2025-05-19 01:58:40,0
2025-05-19 04:18:43,0
2025-05-19 05:33:52,1
2025-05-19 06:05:00,31
2025-05-19 06:41:05,105
2025-05-19 06:57:24,101
2025-05-19 07:27:46,103
2025-05-19 07:46:07,96
2025-05-19 07:58:37,77
2025-05-19 08:40:01,87
2025-05-19 08:57:36,91
2025-05-19 09:27:51,96
2025-05-19 09:43:24,94
2025-05-19 09:58:40,103
2025-05-19 10:37:55,104
2025-05-19 10:57:07,124
2025-05-19 11:30:04,108
2025-05-19 11:47:18,105
2025-05-19 11:59:26,130
2025-05-19 12:32:54,109
2025-05-19 12:52:58,97
2025-05-19 13:21:35,81
2025-05-19 13:41:19,77
2025-05-19 13:53:43,97
2025-05-19 14:52:38,97
2025-05-19 15:36:52,107
2025-05-19 15:54:01,107
2025-05-19 16:25:38,119
2025-05-19 16:47:50,116
2025-05-19 17:00:20,124
2025-05-19 17:30:53,130
2025-05-19 17:47:34,131
2025-05-19 17:59:59,143
2025-05-19 18:35:56,136
2025-05-19 18:55:09,143
2025-05-19 19:22:56,167
2025-05-19 19:43:53,166
2025-05-19 19:58:48,181
2025-05-19 20:37:59,136
2025-05-19 20:55:29,132
2025-05-19 21:20:16,93
2025-05-19 21:33:46,72
2025-05-19 22:01:12,15
2025-05-19 22:31:27,0
2025-05-19 22:47:26,0
2025-05-19 22:59:55,0
2025-05-19 23:26:31,0
2025-05-19 23:42:08,0
2025-05-19 23:58:49,0
2025-05-20 00:28:22,0
2025-05-20 00:46:09,0
2025-05-20 00:59:05,0
2025-05-20 01:26:00,0
2025-05-20 01:42:21,0
2025-05-20 01:58:55,0
2025-05-20 04:09:07,0
2025-05-20 05:18:43,0
2025-05-20 05:53:49,2
